,Unnamed: 0,feat0,feat1,feat2,feat3,feat4,feat5,feat6,feat7,feat8,feat9
0,5,-3.961924093566577,5.050680118739819,-3.938303793481317,5.021872385514037,-4.044223498424446,4.965179237162301,-4.043400845652025,4.997407738001817,-3.980092513829537,4.9823538748401965
1,6,-4.001882016527791,4.955358363493011,-4.0514740612388005,4.973672471852147,-4.008448724111217,4.980836660251778,-3.925588435921243,4.9605066171259065,-4.068331547093973,4.907795950373176
2,7,-3.9147010937033246,5.050680118739819,-3.95554878666341,4.9943295777072425,-4.045599451282647,4.96580553408588,-4.032355932239764,4.997407738001817,-3.997138690710167,4.974069661010527
3,8,-4.089062939352257,4.955358363493011,-4.011595014505211,4.9633439189246,-3.9878094312382,5.024990593364103,-4.036037570043851,5.0343088588777265,-3.9773122550334987,4.990638088669865
4,9,-3.9946169396257516,4.955358363493011,-4.03638469220447,5.021872385514037,-3.996065148387407,5.015596139510416,-3.9918579163948076,4.997407738001817,-4.031987639488053,4.9533591264363555
5,10,-4.092695477803276,4.955358363493011,-4.040695940499993,4.980558173803845,-4.068990649872066,4.920712155588187,-3.9587231761580255,4.923605496249997,-4.041176166918895,4.903653843458342
6,11,-4.045472477940024,5.050680118739819,-4.047162812943277,4.984001024779695,-4.040095639849842,4.9751999879395665,-3.999221192002982,4.9605066171259065,-4.062916879143655,4.961643340266024
7,12,-3.936496324409441,5.050680118739819,-4.001894705840284,5.066629448200077,-3.9093801183207364,5.1089143811236974,-3.97713136517846,5.017703354483567,-4.035816192584237,5.003064409414368
8,13,-3.9582915551155575,5.050680118739819,-3.938303793481317,4.95990106794875,-4.013952535544021,5.00620168565673,-4.028674294435677,4.997407738001817,-4.014959693812643,5.011348623244038
9,14,-4.07090024709716,4.955358363493011,-3.9609378470328136,4.966786769900448,-4.012576582685821,4.96549238562409,-4.02499265663159,4.997407738001817,-3.9322629469350647,4.986495981755031
10,15,-4.096328016254295,4.955358363493011,-4.083808423455225,5.00810098161064,-4.103389471327094,4.909438810963764,-4.01394774321933,4.923605496249997,-4.062916879143655,4.965785447180858
11,16,-3.972821708919635,5.050680118739819,-3.9824940885104296,4.966786769900448,-4.007072771253016,5.045971540304001,-4.065490672476546,5.071209979753637,-4.0964349499404875,4.940932805691852
12,17,-3.983719324272694,4.955358363493011,-4.028840007687304,4.990886726731393,-4.004320865536614,4.990231114105464,-3.9550415383539383,4.9605066171259065,-4.030747917533098,4.95750123335119
13,18,-3.9946169396257516,5.050680118739819,-4.001894705840284,5.00810098161064,-4.004320865536614,4.984281293331462,-4.002902829807068,4.997407738001817,-3.961606071736534,4.986495981755031
14,19,-3.954659016664538,4.955358363493011,-4.025606571465661,4.987443875755544,-3.9823056198053957,4.99993871642094,-3.918225160313069,4.9605066171259065,-4.031987639488053,4.9243643780325135
15,20,-4.0527375548420626,5.050680118739819,-4.018061886948495,5.080400852103474,-3.910756071178937,5.107661787276539,-4.039719207847938,5.1081111006295465,-3.963939666004684,4.95750123335119
16,21,-4.00551455497881,4.955358363493011,-3.957704410811171,5.049415193320831,-3.97542585551439,4.976139433324935,-3.925588435921243,4.9605066171259065,-3.9477230089615607,5.027917050903375
17,22,-3.9292312475074023,5.050680118739819,-3.9878831488798334,5.056300895272529,-3.965794185506982,5.049416173383686,-4.039719207847938,5.0343088588777265,-3.9726359508945883,4.998922302499534
18,23,-4.038207401037985,4.955358363493011,-4.0105172024313305,4.9633439189246,-4.03734373413344,4.980523511789988,-4.028674294435677,4.997407738001817,-4.018113692315691,4.9823538748401965
19,24,-4.027309785684927,4.955358363493011,-4.018061886948495,4.95990106794875,-4.002944912678412,4.988665371796516,-3.962404813962112,4.9605066171259065,-4.008943396090068,4.945074912606686
20,25,-4.049105016391043,4.955358363493011,-4.056863121608204,4.956458216972901,-4.045599451282647,4.956724228693983,-3.999221192002982,4.9605066171259065,-4.011896851335696,5.015490730158872
21,26,-4.085430400901237,5.050680118739819,-4.022373135244019,5.0012152796589415,-4.03734373413344,4.973634245630619,-3.9844946407866337,4.9605066171259065,-4.072132753382327,4.9823538748401965
22,27,-4.085430400901237,4.955358363493011,-4.004050329988045,4.990886726731393,-4.002944912678412,5.007767427965677,-3.97713136517846,4.9605066171259065,-4.061175799045152,4.986495981755031
23,28,-3.954659016664538,5.050680118739819,-3.9393816055551976,5.031064797619554,-3.9712979969397866,4.95265329869072,-4.0544457590642855,5.071209979753637,-3.8664027180780867,5.135611830689071
24,29,-4.063635170195121,4.955358363493011,-3.964171283254456,4.977115322827997,-4.030463969842435,4.9811498087135675,-4.006584467611155,4.997407738001817,-4.025953110560258,4.945074912606686
25,30,-4.06726770864614,5.050680118739819,-4.012672826579092,4.95990106794875,-4.015328488402222,5.0046359433477825,-4.058127396868373,5.0343088588777265,-3.9808035308331142,4.965785447180858
26,31,-4.107225631607354,4.955358363493011,-4.07734155101194,4.973672471852147,-4.089629942745083,4.903802138651552,-3.973449727374373,4.923605496249997,-4.042570854118219,4.9947801955847
27,32,-4.023677247233907,4.955358363493011,-3.9404594176290786,4.95990106794875,-4.042847545566245,4.956411080232194,-3.988176278590721,4.9605066171259065,-4.015998872510179,5.040343371647879
28,33,-3.9473939397624993,4.955358363493011,-4.021295323170138,4.925472558190258,-4.040095639849842,4.962360901006195,-4.006584467611155,4.9605066171259065,-4.000611735304562,4.945074912606686
29,34,-3.9328637859584217,5.050680118739819,-4.006205954135807,5.063186597224227,-4.042847545566245,4.904115287113342,-3.9476782627457645,4.923605496249997,-3.9405763765153505,5.052769692392382
30,35,-4.060002631744101,4.955358363493011,-3.95554878666341,4.980558173803845,-4.0098246769694175,4.992423153337991,-3.97713136517846,4.9605066171259065,-4.0271290232969434,4.990638088669865
31,36,-4.023677247233907,4.955358363493011,-4.065485618199251,4.918586856238559,-4.038719686991642,4.946390329454929,-3.9403149871375907,4.923605496249997,-4.037128839360072,4.95750123335119
32,37,-3.9655566320175963,5.050680118739819,-3.8747128811223495,5.028758087465735,-4.053855168431854,4.9870996294875685,-4.102307050517416,5.1081111006295465,-3.9997275218513964,5.027917050903375
33,38,-3.9691891704686157,4.955358363493011,-4.05039624916492,4.997772428683092,-4.044223498424446,4.910065107887343,-3.8814087822721994,4.923605496249997,-4.018113692315691,5.003064409414368
34,39,-3.983719324272694,4.955358363493011,-4.0633299940514895,4.942686813069503,-4.057983027006458,4.951087556381772,-3.9918579163948076,4.9605066171259065,-4.05947118135709,4.932648591862183
35,40,-3.9510264782135187,5.050680118739819,-4.030995631835065,4.950708655843233,-3.95065870406677,4.9958677864176755,-3.8666822310558517,4.946484191193061,-3.978688711027603,5.019632837073706
36,41,-3.987351862723713,4.955358363493011,-3.9771050281410254,5.05285804429668,-3.9919372898128036,4.971442206398092,-3.962404813962112,4.9605066171259065,-3.945280027462091,4.974069661010527
37,42,-4.00914709342983,4.955358363493011,-3.9889609609537144,4.942686813069503,-4.02496015840963,4.957037377155773,-3.969768089570286,4.9605066171259065,-3.9829639286516754,4.9947801955847
38,43,-4.001882016527791,5.050680118739819,-3.9286034848163895,5.097615106982721,-3.9121320240371382,5.075407495712217,-4.021311018827503,5.071209979753637,-3.92857112787803,5.023774943988541
39,44,-4.001882016527791,5.050680118739819,-3.985727524732072,4.925472558190258,-3.9974411012456077,5.00620168565673,-4.01394774321933,4.997407738001817,-3.9808035308331142,5.003064409414368
40,45,-3.9946169396257516,5.050680118739819,-4.008361578283568,5.021872385514037,-3.9451548926339655,5.073215456479691,-4.02499265663159,5.0343088588777265,-3.987448805135777,5.094190761540727
41,46,-4.099960554705315,4.955358363493011,-4.067641242347013,4.891044048431765,-4.07449446130487,4.927288273285767,-3.9844946407866337,4.9605066171259065,-4.049872451808799,4.990638088669865
42,47,-4.060002631744101,5.050680118739819,-4.0105172024313305,4.985137165601725,-4.049727309857251,4.976452581786725,-4.058127396868373,5.015858298439771,-4.009918765569334,4.965785447180858
43,48,-3.980086785821674,4.955358363493011,-4.0234509473179,4.928915409166106,-3.9795537140889934,4.9899179656436745,-3.8814087822721994,4.923605496249997,-4.042570854118219,5.073480226966554
44,49,-3.954659016664538,5.050680118739819,-3.9318369210380317,5.00810098161064,-4.016704441260424,5.0046359433477825,-4.0765355858888075,5.071209979753637,-3.967567675843449,4.9823538748401965
45,50,-3.972821708919635,5.050680118739819,-4.035306880130588,5.0322009384415844,-4.011200629827619,5.001504458729887,-4.010266105415242,4.997407738001817,-4.014959693812643,4.94921701952152
46,51,-4.056370093293082,4.955358363493011,-4.011595014505211,4.966786769900448,-4.0469754041408486,4.95234015022893,-3.9955395541988947,4.9605066171259065,-4.007977142213412,4.911938057288011
47,52,-4.078165323999198,4.955358363493011,-4.0730303027164165,4.942686813069503,-4.084126131312279,4.925722530976819,-4.02499265663159,4.9605066171259065,-4.018113692315691,4.916080164202845
48,53,-3.9328637859584217,5.050680118739819,-4.0417737525738735,5.011543832586489,-3.9974411012456077,5.005888537194941,-3.9587231761580255,4.9605066171259065,-4.05947118135709,4.9782117679253615
49,54,-4.041839939489004,5.050680118739819,-3.985727524732072,4.9943295777072425,-4.012576582685821,5.00620168565673,-4.07285394808472,5.071209979753637,-3.9645412957769417,4.986495981755031
50,55,-3.9655566320175963,4.955358363493011,-4.007283766209688,5.014986683562338,-4.044223498424446,4.962674049467985,-4.002902829807068,4.9605066171259065,-4.0213953092552766,5.0072065163292026
51,56,-3.9401288628604605,5.050680118739819,-3.98357190058431,5.028758087465735,-4.041471592708044,4.970815909474513,-4.028674294435677,4.997407738001817,-4.002398393416115,4.9782117679253615
52,57,-4.0527375548420626,4.955358363493011,-4.009439390357449,4.9943295777072425,-3.9602903740741775,5.044718946456843,-3.973449727374373,4.997407738001817,-4.018113692315691,4.986495981755031
53,58,-4.00914709342983,4.955358363493011,-4.015906262800734,5.070072299175926,-3.9878094312382,5.0221722572079965,-3.9844946407866337,4.997407738001817,-4.033245592648228,5.048627585477547
54,59,-4.049105016391043,4.955358363493011,-3.974949403993264,5.00810098161064,-3.9795537140889934,5.017788178742943,-3.9476782627457645,4.9605066171259065,-4.041176166918895,5.0072065163292026
55,60,-4.041839939489004,4.955358363493011,-4.049318437091039,4.9633439189246,-4.007072771253016,4.977392027172093,-3.914543522508982,4.9605066171259065,-4.066490195366761,5.0072065163292026
56,61,-4.041839939489004,4.955358363493011,-3.958782222885052,4.973672471852147,-4.031839922700636,4.969563315627354,-4.036037570043851,5.002942906133203,-3.966346185093714,4.9823538748401965
57,62,-4.027309785684927,4.955358363493011,-4.0633299940514895,4.949572515021202,-4.089629942745083,4.895660278645025,-3.9476782627457645,4.923605496249997,-4.056153102007063,4.932648591862183
58,63,-3.9582915551155575,4.955358363493011,-4.06440780612537,5.035643789417434,-3.9878094312382,4.942006250989875,-3.8188209396027215,4.923605496249997,-4.000611735304562,4.94921701952152
59,64,-3.936496324409441,5.050680118739819,-4.025606571465661,5.011543832586489,-3.9355232226265575,5.048476727998318,-3.969768089570286,4.997407738001817,-3.961606071736534,5.019632837073706
60,65,-4.07090024709716,4.955358363493011,-4.004050329988045,4.95990106794875,-4.0662387441556636,4.921338452511766,-3.9476782627457645,4.923605496249997,-4.051403873047273,4.965785447180858
61,66,-4.041839939489004,5.050680118739819,-3.9954278333969993,4.946129664045353,-4.044223498424446,4.97269480024525,-4.080217223692895,5.071209979753637,-3.9633562674376464,5.019632837073706
62,67,-4.027309785684927,5.050680118739819,-4.007283766209688,4.95990106794875,-4.011200629827619,4.9861601841022,-3.9403149871375907,4.9605066171259065,-4.082378690715925,4.974069661010527
63,68,-4.0345748625869655,4.955358363493011,-4.03746250427835,4.939243962093655,-3.9795537140889934,5.043466352609685,-4.01394774321933,4.997407738001817,-4.030747917533098,4.9285064849473486
64,69,-3.9328637859584217,5.050680118739819,-4.025606571465661,4.95990106794875,-4.063486838439261,4.9401273602191385,-4.002902829807068,4.9605066171259065,-4.019198449026276,5.011348623244038
65,70,-4.045472477940024,5.050680118739819,-4.024528759391781,5.059743746248379,-3.994689195529206,5.014969842586837,-4.0544457590642855,5.071209979753637,-3.9576590158064198,5.015490730158872
66,71,-4.00914709342983,5.050680118739819,-4.018061886948495,4.966786769900448,-4.0208322998350265,5.012151506430731,-4.07285394808472,5.071209979753637,-3.9997275218513964,5.019632837073706
67,72,-3.9582915551155575,5.050680118739819,-4.014828450726854,4.982864883957665,-4.0056968183948145,5.008393724889257,-4.01394774321933,4.998145760419335,-4.011896851335696,5.003064409414368
68,73,-3.961924093566577,5.050680118739819,-4.0299178197611845,4.95990106794875,-4.033215875558837,4.975826284863145,-4.010266105415242,4.997407738001817,-4.012908683225402,5.003064409414368
69,74,-3.983719324272694,4.955358363493011,-4.046085000869397,4.9943295777072425,-4.075870414163072,4.9385616179101905,-4.01394774321933,4.9605066171259065,-4.051403873047273,5.019632837073706
70,75,-4.001882016527791,4.955358363493011,-4.069796866494774,4.987443875755544,-4.00019300696201,4.990857411029043,-3.9292700737253297,4.9605066171259065,-4.062916879143655,5.040343371647879
71,76,-4.001882016527791,4.955358363493011,-3.9663269074022174,5.125157914789514,-3.97542585551439,5.026243187211261,-4.010266105415242,4.997407738001817,-3.9732831586798953,5.0610539062220505
72,77,-3.936496324409441,5.050680118739819,-4.004050329988045,4.987443875755544,-3.896996542596926,5.0487898764601065,-3.9439966249416774,4.997407738001817,-3.915508469337954,4.9823538748401965
73,78,-3.987351862723713,5.050680118739819,-4.0202175110962575,4.997772428683092,-3.9616663269323786,5.05317395492516,-4.006584467611155,5.0343088588777265,-4.005142189801714,4.990638088669865
74,79,-3.987351862723713,5.050680118739819,-3.997583457544761,5.056300895272529,-3.9726739497979877,5.017161881819364,-3.9587231761580255,4.9605066171259065,-3.9962909396674404,5.073480226966554
75,80,-4.00914709342983,5.050680118739819,-4.030995631835065,4.973672471852147,-4.011200629827619,4.998999271035571,-4.021311018827503,4.997407738001817,-3.993793264552311,5.027917050903375
76,81,-4.030942324135946,5.050680118739819,-3.9717159677716216,5.070072299175926,-4.1267806699165135,4.893155090950708,-4.0544457590642855,4.9520193593244475,-4.030747917533098,5.015490730158872
77,82,-4.096328016254295,4.955358363493011,-4.03638469220447,4.925472558190258,-4.038719686991642,4.9723816517834605,-3.9844946407866337,4.9605066171259065,-4.074092607943469,4.998922302499534
78,83,-3.9946169396257516,4.955358363493011,-4.057940933682086,4.977115322827997,-4.067614697013865,4.931672351750821,-4.0544457590642855,4.997407738001817,-3.957102964047212,4.916080164202845
79,84,-4.103593093156334,4.955358363493011,-4.03746250427835,4.973672471852147,-3.9974411012456077,5.01998021797547,-3.988176278590721,4.997407738001817,-4.068331547093973,4.974069661010527
80,85,-3.9292312475074023,4.955358363493011,-3.9878831488798334,5.042529491369132,-3.928643458335552,5.05348710338695,-3.9476782627457645,4.997407738001817,-3.97460492105834,4.9947801955847
81,86,-3.987351862723713,5.050680118739819,-4.022373135244019,4.970229620876298,-3.9891853840964013,5.028435226443787,-4.021311018827503,5.0343088588777265,-4.00608109687054,4.998922302499534
82,87,-4.0164121703318685,4.955358363493011,-4.035306880130588,4.973672471852147,-3.967170138365183,5.017161881819364,-3.8998169712926343,4.9605066171259065,-4.070209361231625,4.920222271117679
83,88,-4.038207401037985,4.955358363493011,-3.990038773027595,4.953015365997052,-4.059358979864658,4.947016626378508,-4.010266105415242,4.9605066171259065,-4.015998872510179,4.95750123335119
84,89,-3.998249478076771,4.955358363493011,-4.0396181284261115,4.899065891205494,-4.029088016984233,4.969876464089144,-3.9550415383539383,4.9498052920718925,-4.068331547093973,4.8705169881396655
85,90,-3.954659016664538,4.955358363493011,-3.9286034848163895,5.0012152796589415,-4.0098246769694175,4.998999271035571,-3.9844946407866337,4.9605066171259065,-4.041176166918895,4.9285064849473486
86,91,-4.07090024709716,5.050680118739819,-4.075185926864179,4.95990106794875,-4.0511032627154515,4.984907590255042,-4.039719207847938,4.997407738001817,-4.0964349499404875,4.965785447180858
87,92,-3.954659016664538,4.955358363493011,-4.006205954135807,5.011543832586489,-3.9368991754847587,5.016222436433996,-3.9034986090967214,4.9605066171259065,-3.957102964047212,4.961643340266024
88,93,-4.0527375548420626,5.050680118739819,-4.040695940499993,4.932358260141956,-4.031839922700636,4.962987197929774,-3.962404813962112,4.9605066171259065,-4.034521777013623,5.06933812005172
89,94,-4.045472477940024,4.955358363493011,-4.048240625017158,4.980558173803845,-4.00019300696201,4.9839681448696735,-3.932951711529417,4.9605066171259065,-4.024795429028793,5.019632837073706
90,95,-3.987351862723713,4.955358363493011,-4.025606571465661,4.95990106794875,-4.030463969842435,4.954845337923246,-3.921906798117156,4.923605496249997,-4.072132753382327,5.011348623244038
91,96,-3.954659016664538,4.955358363493011,-3.948004102146244,4.946129664045353,-3.9368991754847587,5.0647604480113735,-4.010266105415242,5.0343088588777265,-3.962763753267999,5.019632837073706
92,97,-4.020044708782888,4.955358363493011,-3.9954278333969993,5.097615106982721,-3.994689195529206,4.97927091794283,-3.9366333493335035,4.9605066171259065,-3.987448805135777,5.011348623244038
93,98,-4.049105016391043,4.955358363493011,-4.06440780612537,4.897929750383463,-4.002944912678412,4.984594441793252,-3.9366333493335035,4.952757381741966,-4.033245592648228,4.945074912606686
94,99,-4.078165323999198,4.955358363493011,-4.016984074874615,4.987443875755544,-4.00019300696201,4.98647333256399,-3.9292700737253297,4.9605066171259065,-4.041176166918895,4.907795950373176
95,100,-4.07090024709716,4.955358363493011,-4.057940933682086,4.918586856238559,-4.045599451282647,4.971129057936302,-4.043400845652025,4.997407738001817,-3.99885242400084,4.9947801955847
96,101,-3.94376140131148,5.050680118739819,-3.990038773027595,5.049415193320831,-4.004320865536614,4.987725926411148,-4.043400845652025,5.0343088588777265,-3.939209036123856,5.0320591578182094
97,102,-4.027309785684927,4.955358363493011,-3.9113584916342967,4.9748086126741775,-3.9781777612307923,5.042526907224316,-4.032355932239764,5.0343088588777265,-3.997138690710167,5.077622333881388
98,103,-3.998249478076771,5.050680118739819,-4.005128142061927,4.987443875755544,-4.015328488402222,4.9861601841022,-3.9918579163948076,4.9605066171259065,-4.00608109687054,4.932648591862183
99,104,-4.001882016527791,4.955358363493011,-4.06440780612537,5.011543832586489,-3.9726739497979877,5.037516531835683,-4.01394774321933,5.0343088588777265,-3.988214515755014,4.945074912606686
100,105,-3.983719324272694,4.955358363493011,-3.9824940885104296,4.977115322827997,-3.939651081201161,5.044405797995053,-3.969768089570286,4.997407738001817,-3.962763753267999,4.998922302499534
101,106,-3.983719324272694,5.050680118739819,-4.045007188795516,5.063186597224227,-3.9891853840964013,4.99962556795915,-3.9366333493335035,4.9605066171259065,-4.030747917533098,5.0362012647330445
102,107,-4.092695477803276,4.955358363493011,-3.9717159677716216,4.984001024779695,-3.9630422797905798,5.024990593364103,-3.9439966249416774,4.9605066171259065,-4.005142189801714,4.998922302499534
103,108,-3.9401288628604605,5.050680118739819,-3.958782222885052,5.011543832586489,-3.958914421215977,5.0707102687853745,-4.036037570043851,5.0343088588777265,-4.01090325065121,4.969927554095693
104,109,-4.027309785684927,4.955358363493011,-3.9350703572596744,4.997772428683092,-4.02496015840963,4.982715551022515,-3.97713136517846,4.9605066171259065,-4.061175799045152,4.936790698777017
105,110,-3.9764542473706546,5.050680118739819,-4.0320734439089465,4.95990106794875,-4.031839922700636,4.9783314725574614,-4.01394774321933,4.997407738001817,-4.01090325065121,5.019632837073706
106,111,-4.096328016254295,4.955358363493011,-4.076263738938059,4.956458216972901,-4.045599451282647,4.965179237162301,-3.9918579163948076,4.9605066171259065,-4.05947118135709,4.916080164202845
107,112,-3.972821708919635,4.955358363493011,-3.9501597262940056,4.944993523223323,-4.002944912678412,5.040648016453579,-4.058127396868373,5.052759419315682,-4.052962641093576,4.9947801955847
108,113,-3.980086785821674,5.050680118739819,-3.954470974589529,5.029894228287765,-4.062110885581061,4.944198290222403,-4.07285394808472,5.026928634702545,-3.954395630072053,5.040343371647879
109,114,-3.961924093566577,5.050680118739819,-4.009439390357449,5.002351420480971,-3.9988170541038093,5.037516531835683,-4.0544457590642855,5.050176340854368,-4.025953110560258,5.10661708228523
110,115,-3.9582915551155575,5.050680118739819,-4.0320734439089465,4.977115322827997,-4.049727309857251,4.959855713311879,-3.969768089570286,4.9605066171259065,-4.126097120833305,5.015490730158872
111,116,-3.980086785821674,4.955358363493011,-3.9954278333969993,4.973672471852147,-3.976801808372591,5.010272615659994,-3.932951711529417,4.9605066171259065,-4.023646863099938,4.9533591264363555
112,117,-4.085430400901237,4.955358363493011,-3.979260652288787,4.973672471852147,-3.994689195529206,5.01966706951368,-4.002902829807068,4.997407738001817,-4.023646863099938,5.003064409414368
113,118,-3.980086785821674,5.050680118739819,-3.985727524732072,5.063186597224227,-3.985057525521798,5.020293366437259,-4.047082483456112,5.0343088588777265,-3.953338220169298,5.090048654625892
114,119,-3.9764542473706546,4.955358363493011,-3.8898022501566807,5.063186597224227,-3.986433478379999,4.967058127933038,-4.02499265663159,5.02065544415364,-3.9007594243150345,5.023774943988541
115,120,-4.030942324135946,5.050680118739819,-3.9986612696186414,4.9943295777072425,-3.9355232226265575,5.049416173383686,-4.047082483456112,5.1081111006295465,-3.916201255136311,5.003064409414368
116,121,-3.9510264782135187,5.050680118739819,-3.941537229702959,5.070072299175926,-3.986433478379999,5.020606514899049,-4.021311018827503,5.0343088588777265,-3.977995925229246,5.027917050903375
117,122,-3.9401288628604605,4.955358363493011,-4.021295323170138,5.087286554055172,-3.9547865626413734,5.031566711061682,-4.047082483456112,5.071209979753637,-3.9208775592752216,5.135611830689071
118,123,-4.056370093293082,5.050680118739819,-4.0105172024313305,5.025315236489886,-3.976801808372591,5.0400217195299994,-4.039719207847938,5.0343088588777265,-3.97939061242857,5.056911799307216
119,124,-3.983719324272694,4.955358363493011,-4.047162812943277,4.997772428683092,-4.019456346976826,4.957037377155773,-3.9660864517661993,4.9605066171259065,-3.9726359508945883,5.027917050903375
120,125,-4.049105016391043,4.955358363493011,-3.9954278333969993,5.011543832586489,-4.03734373413344,4.981462957175357,-4.017629381023417,4.997407738001817,-4.039808826527401,4.9782117679253615
121,126,-3.936496324409441,4.955358363493011,-3.9824940885104296,5.021872385514037,-3.9919372898128036,5.021545960284417,-4.036037570043851,5.0343088588777265,-3.980092513829537,5.011348623244038
122,127,-3.9510264782135187,5.050680118739819,-3.9189031761514626,5.021872385514037,-3.956162515499574,5.064134151087794,-4.0544457590642855,5.071209979753637,-3.967567675843449,5.048627585477547
123,128,-3.9946169396257516,5.050680118739819,-3.965249095328337,4.998908569505122,-3.8474622397016858,5.198787989657294,-4.06180903467246,5.185234443260199,-3.9844315406718795,5.073480226966554
124,129,-4.00551455497881,4.955358363493011,-3.976027216067145,5.00810098161064,-4.034591828417038,4.961108307159037,-3.97713136517846,4.9605066171259065,-4.015998872510179,4.986495981755031
125,130,-4.00551455497881,5.050680118739819,-4.008361578283568,4.997772428683092,-4.033215875558837,4.936369578677664,-4.036037570043851,4.997407738001817,-3.919409947255018,5.0072065163292026
126,131,-4.089062939352257,4.955358363493011,-4.0611743699037275,4.973672471852147,-4.0552311212900545,4.945450884069561,-3.9587231761580255,4.923605496249997,-4.0939372748253575,4.945074912606686
127,132,-3.9655566320175963,5.050680118739819,-4.001894705840284,4.987443875755544,-3.9616663269323786,5.013717248739679,-3.921906798117156,4.9605066171259065,-3.995452304227324,4.903653843458342
128,133,-4.0527375548420626,4.955358363493011,-4.062252181977609,4.973672471852147,-4.0056968183948145,4.994928341032307,-3.969768089570286,4.9605066171259065,-4.030747917533098,4.9285064849473486
129,134,-3.990984401174732,4.955358363493011,-3.98357190058431,5.00465813063479,-3.9905613369546025,5.0105857641217835,-4.028674294435677,5.0343088588777265,-3.961031788772106,5.119043403029734
130,135,-4.063635170195121,5.050680118739819,-3.9038138071171313,5.104500808934419,-4.002944912678412,4.995241489494097,-4.006584467611155,4.997407738001817,-3.9773122550334987,5.073480226966554
131,136,-4.096328016254295,4.955358363493011,-4.069796866494774,4.932358260141956,-4.019456346976826,4.989291668720095,-3.9844946407866337,4.9605066171259065,-4.046882534152732,4.920222271117679
132,137,-3.983719324272694,5.050680118739819,-4.021295323170138,4.990886726731393,-3.965794185506982,5.047850431074738,-3.999221192002982,4.997407738001817,-4.012908683225402,5.023774943988541
133,138,-4.041839939489004,5.050680118739819,-4.0536296853865625,4.95990106794875,-4.084126131312279,4.928227718671136,-4.002902829807068,4.9605066171259065,-4.072132753382327,4.969927554095693
134,139,-4.074532785548179,4.955358363493011,-3.9566265987372904,4.966786769900448,-3.9878094312382,5.0002518648827285,-3.9366333493335035,4.9605066171259065,-4.0271290232969434,4.9533591264363555
135,140,-4.00551455497881,4.955358363493011,-3.9436928538507208,4.9633439189246,-4.048351356999049,4.957037377155773,-4.07285394808472,5.037998970965318,-3.9492179677895947,5.056911799307216
136,141,-4.092695477803276,4.955358363493011,-4.081652799307463,4.942686813069503,-4.060734932722859,4.93198550021261,-3.951359900549851,4.923605496249997,-4.066490195366761,4.9782117679253615
137,142,-3.9946169396257516,4.955358363493011,-3.9501597262940056,5.097615106982721,-4.015328488402222,4.983654996407884,-4.006584467611155,4.997407738001817,-3.9829639286516754,4.986495981755031
138,143,-3.9655566320175963,5.050680118739819,-3.8887244380828,5.0769580011276245,-4.031839922700636,4.96611868254767,-4.021311018827503,4.997407738001817,-3.9719796275066708,5.073480226966554
139,144,-3.9764542473706546,4.955358363493011,-3.938303793481317,5.05285804429668,-4.034591828417038,4.951087556381772,-4.028674294435677,4.997407738001817,-3.945280027462091,4.9947801955847
140,145,-3.9582915551155575,5.050680118739819,-3.985727524732072,5.042529491369132,-4.030463969842435,4.9986861225737815,-4.043400845652025,4.997407738001817,-4.033245592648228,5.015490730158872
141,146,-4.027309785684927,4.955358363493011,-3.952315350441767,4.953015365997052,-3.965794185506982,5.057244884928425,-4.080217223692895,5.130251773155092,-3.9549334506260414,5.131469723774236
142,147,-3.9582915551155575,5.050680118739819,-3.9878831488798334,5.039086640393283,-3.9451548926339655,5.044405797995053,-3.9955395541988947,4.997407738001817,-3.954395630072053,4.998922302499534
143,148,-4.030942324135946,4.955358363493011,-3.9943500213231182,4.990886726731393,-3.9809296669471945,5.006827982580309,-3.925588435921243,4.9605066171259065,-4.041176166918895,4.95750123335119
144,149,-3.9691891704686157,5.050680118739819,-3.953393162515648,4.984001024779695,-3.9795537140889934,5.050668767230844,-4.058127396868373,5.071209979753637,-3.993793264552311,5.0072065163292026
145,150,-4.041839939489004,4.955358363493011,-3.8714794449007073,5.063186597224227,-4.033215875558837,4.967371276394828,-3.988176278590721,4.9605066171259065,-4.015998872510179,4.94921701952152
146,151,-4.030942324135946,5.050680118739819,-3.9404594176290786,5.0012152796589415,-3.9878094312382,5.031566711061682,-4.043400845652025,5.0343088588777265,-3.9851790200858965,5.0072065163292026
147,152,-4.056370093293082,4.955358363493011,-3.9070472433387735,4.980558173803845,-3.985057525521798,5.023424851055155,-4.028674294435677,5.025452589867508,-3.973939482067813,5.040343371647879
148,153,-4.060002631744101,5.050680118739819,-3.9846497126581912,4.980558173803845,-3.9630422797905798,5.048163579536528,-3.980813002982547,4.997407738001817,-4.030747917533098,4.998922302499534
149,154,-4.049105016391043,5.050680118739819,-4.005128142061927,4.953015365997052,-4.0208322998350265,4.97958406640462,-4.069172310280633,5.071209979753637,-3.938762371595968,4.961643340266024
150,155,-3.9764542473706546,4.955358363493011,-3.9296812968902706,5.025315236489886,-4.034591828417038,4.985533887178621,-4.032355932239764,4.997407738001817,-4.019198449026276,4.990638088669865
151,156,-3.998249478076771,4.955358363493011,-4.004050329988045,4.9943295777072425,-4.008448724111217,4.976139433324935,-3.9476782627457645,4.9605066171259065,-4.008943396090068,4.986495981755031
152,157,-4.0345748625869655,5.050680118739819,-4.000816893766403,5.070072299175926,-3.9602903740741775,5.0669524872439,-4.065490672476546,5.1081111006295465,-3.9732831586798953,5.073480226966554
153,158,-3.9582915551155575,5.050680118739819,-4.043929376721635,5.063186597224227,-4.004320865536614,5.016222436433996,-4.01394774321933,4.997407738001817,-4.034521777013623,5.011348623244038
154,159,-3.9328637859584217,5.050680118739819,-3.979260652288787,4.9943295777072425,-3.9795537140889934,5.026243187211261,-4.002902829807068,4.997407738001817,-3.991359398655451,5.003064409414368
155,160,-4.027309785684927,5.050680118739819,-3.9393816055551976,5.049415193320831,-3.9148839297535405,5.086367691874851,-4.002902829807068,5.0343088588777265,-3.962189470303571,5.048627585477547
156,161,-4.0164121703318685,4.955358363493011,-4.0105172024313305,5.0012152796589415,-4.03734373413344,4.964239791776932,-3.988176278590721,4.9605066171259065,-4.0213953092552766,4.965785447180858
157,162,-4.001882016527791,5.050680118739819,-4.033151255982827,4.981694314625876,-3.9685460912233843,5.0428400556861055,-4.01394774321933,5.019917421736122,-3.9897732838013176,5.027917050903375
158,163,-4.012779631880849,4.955358363493011,-4.065485618199251,4.9300515499881365,-3.9988170541038093,5.016848733357574,-4.002902829807068,4.992979603496708,-4.030747917533098,4.94921701952152
159,164,-4.00551455497881,4.955358363493011,-3.9566265987372904,5.087286554055172,-3.986433478379999,5.007141131042099,-4.01394774321933,4.997407738001817,-3.9576590158064198,4.9823538748401965
160,165,-4.00914709342983,4.955358363493011,-4.062252181977609,4.925472558190258,-4.023584205551429,4.986786481025779,-3.9955395541988947,4.9605066171259065,-4.035816192584237,4.9533591264363555
161,166,-4.045472477940024,5.050680118739819,-3.9361481693335554,5.070072299175926,-3.866725579716501,5.131461070372544,-4.039719207847938,5.1081111006295465,-3.924259447843518,5.085906547711057
162,167,-4.0527375548420626,4.955358363493011,-3.96956034362386,4.925472558190258,-4.023584205551429,4.988665371796516,-4.002902829807068,4.997407738001817,-4.030747917533098,4.998922302499534
163,168,-3.983719324272694,5.050680118739819,-3.9275256727425085,5.0769580011276245,-4.008448724111217,5.005575388733151,-4.006584467611155,4.997407738001817,-4.023646863099938,5.0610539062220505
164,169,-3.954659016664538,4.955358363493011,-4.019139699022377,5.021872385514037,-3.9726739497979877,4.98647333256399,-3.8998169712926343,4.9605066171259065,-3.9822346804428785,4.986495981755031
165,170,-4.041839939489004,4.955358363493011,-4.066563430273132,4.953015365997052,-4.03734373413344,4.956724228693983,-3.951359900549851,4.9605066171259065,-4.056153102007063,4.986495981755031
166,171,-4.056370093293082,5.050680118739819,-4.060096557829847,4.9633439189246,-4.088253989886882,4.929167164056505,-4.01394774321933,4.9605066171259065,-4.078139935502293,4.895369629628672
167,172,-3.9292312475074023,4.955358363493011,-3.930759108964151,5.037950499571252,-3.9781777612307923,5.001504458729887,-4.036037570043851,5.039106004591595,-3.9223634025006455,5.10661708228523
168,173,-3.998249478076771,5.050680118739819,-3.9404594176290786,4.997772428683092,-3.93827512834296,5.063194705702426,-4.058127396868373,5.1081111006295465,-3.9310141093774997,5.127327616859402
169,174,-4.001882016527791,4.955358363493011,-4.026684383539543,5.049415193320831,-3.941027034059362,4.9839681448696735,-4.047082483456112,5.071209979753637,-3.8664027180780867,5.019632837073706
170,175,-3.9764542473706546,5.050680118739819,-4.0202175110962575,4.9633439189246,-4.013952535544021,4.984907590255042,-3.9403149871375907,4.9605066171259065,-4.0964349499404875,4.9823538748401965
171,176,-4.020044708782888,4.955358363493011,-4.046085000869397,4.901372601359313,-4.075870414163072,4.9401273602191385,-4.017629381023417,4.9605066171259065,-4.051403873047273,4.9533591264363555
172,177,-3.9582915551155575,5.050680118739819,-3.9286034848163895,5.00810098161064,-3.9616663269323786,5.015909287972206,-4.017629381023417,5.0343088588777265,-3.926593042111668,5.085906547711057
173,178,-4.063635170195121,5.050680118739819,-4.079497175159702,4.9943295777072425,-4.071742555588468,4.933551242521558,-4.010266105415242,4.9605066171259065,-4.018113692315691,4.945074912606686
174,179,-3.983719324272694,5.050680118739819,-3.990038773027595,4.956458216972901,-4.0965097070360885,4.9053678809605,-4.039719207847938,4.9605066171259065,-3.9829639286516754,5.0072065163292026
175,180,-3.9328637859584217,4.955358363493011,-4.038540316352231,4.973672471852147,-4.031839922700636,4.973634245630619,-3.9918579163948076,4.9605066171259065,-4.0271290232969434,5.003064409414368
176,181,-3.954659016664538,5.050680118739819,-3.980338464362668,5.039086640393283,-3.9795537140889934,5.025930038749471,-3.9918579163948076,4.997407738001817,-4.003300838074502,5.019632837073706
177,182,-3.9510264782135187,4.955358363493011,-3.972793779845502,4.9748086126741775,-3.976801808372591,5.018414475666522,-4.06180903467246,5.080066248763855,-3.9277780704509633,5.0320591578182094
178,183,-3.9582915551155575,4.955358363493011,-4.008361578283568,4.973672471852147,-3.97542585551439,5.016222436433996,-3.9292700737253297,4.9605066171259065,-4.048359261775546,4.969927554095693
179,184,-4.023677247233907,4.955358363493011,-4.015906262800734,4.987443875755544,-3.9795537140889934,5.041274313377158,-4.043400845652025,5.0343088588777265,-3.9859264994999135,4.990638088669865
180,185,-4.038207401037985,5.050680118739819,-3.9954278333969993,5.035643789417434,-4.011200629827619,5.005888537194941,-4.047082483456112,5.0343088588777265,-3.9836931768604726,4.998922302499534
181,186,-3.9510264782135187,4.955358363493011,-4.042851564647754,4.946129664045353,-3.9547865626413734,5.050042470307265,-3.9660864517661993,4.997407738001817,-4.025953110560258,4.936790698777017
182,187,-3.954659016664538,5.050680118739819,-3.9943500213231182,5.056300895272529,-3.9355232226265575,5.089186028030957,-4.039719207847938,5.071209979753637,-3.9844315406718795,4.990638088669865
183,188,-3.954659016664538,5.050680118739819,-4.035306880130588,5.063186597224227,-4.004320865536614,4.998372974111992,-4.010266105415242,4.997407738001817,-3.9844315406718795,5.056911799307216
184,189,-3.983719324272694,4.955358363493011,-3.976027216067145,4.977115322827997,-4.02496015840963,4.973947394092408,-4.032355932239764,4.997407738001817,-3.962763753267999,5.0320591578182094
185,190,-4.074532785548179,5.050680118739819,-4.018061886948495,5.00810098161064,-4.019456346976826,4.9751999879395665,-4.065490672476546,5.0343088588777265,-3.932682264655123,4.9823538748401965
186,191,-4.081797862450218,5.050680118739819,-3.957704410811171,4.980558173803845,-3.9602903740741775,5.0575580333902135,-4.069172310280633,5.1081111006295465,-3.95280951521792,4.961643340266024
187,192,-4.06726770864614,4.955358363493011,-4.054707497460443,4.973672471852147,-4.075870414163072,4.917893819432082,-3.951359900549851,4.923605496249997,-4.086827104789586,4.895369629628672
188,193,-3.9946169396257516,4.955358363493011,-4.002972517914165,5.049415193320831,-3.9258915526191496,5.0707102687853745,-3.9550415383539383,4.997407738001817,-4.001495948757729,4.990638088669865
189,194,-4.001882016527791,4.955358363493011,-4.066563430273132,5.0012152796589415,-4.002944912678412,5.003070201038835,-3.988176278590721,4.997407738001817,-4.020292321339471,4.974069661010527
190,195,-3.990984401174732,4.955358363493011,-4.012672826579092,5.028758087465735,-4.018080394118624,4.994928341032307,-4.047082483456112,5.0343088588777265,-3.9766285848377514,4.9947801955847
191,196,-4.00551455497881,5.050680118739819,-4.0417737525738735,4.956458216972901,-4.079998272737675,4.923843640206083,-4.032355932239764,4.9605066171259065,-3.9897732838013176,4.990638088669865
192,197,-3.94376140131148,5.050680118739819,-4.030995631835065,5.00810098161064,-3.9809296669471945,5.021232811822627,-3.9660864517661993,4.9605066171259065,-4.029526426783363,4.940932805691852
193,198,-3.990984401174732,5.050680118739819,-4.005128142061927,4.935801111117805,-3.930019411193753,5.0838625041805345,-4.039719207847938,5.071209979753637,-3.9604575058076783,5.019632837073706
194,199,-4.06726770864614,4.955358363493011,-4.059018745755966,5.0322009384415844,-4.0511032627154515,4.9504612594581925,-4.010266105415242,4.9605066171259065,-3.9979955573555035,5.023774943988541
195,200,-3.972821708919635,5.050680118739819,-3.974949403993264,5.014986683562338,-3.974049902656189,5.048476727998318,-4.039719207847938,5.0343088588777265,-3.9921615716851275,5.023774943988541
196,201,-4.023677247233907,4.955358363493011,-4.046085000869397,4.966786769900448,-3.967170138365183,5.036263937988525,-3.962404813962112,4.997407738001817,-4.033245592648228,5.011348623244038
197,202,-3.9510264782135187,5.050680118739819,-3.99650564547088,5.070072299175926,-4.008448724111217,5.0134041002778895,-4.0544457590642855,5.0343088588777265,-3.98668309451654,5.0362012647330445
198,203,-4.0527375548420626,4.955358363493011,-3.9458484779984824,4.973672471852147,-4.0552311212900545,4.96611868254767,-4.01394774321933,4.9605066171259065,-4.074092607943469,4.940932805691852
199,204,-3.9582915551155575,4.955358363493011,-4.045007188795516,5.034507648595404,-3.956162515499574,4.984281293331462,-3.962404813962112,4.985599379321526,-3.910102916990246,5.0072065163292026
200,205,-3.94376140131148,4.955358363493011,-4.057940933682086,4.992022867553423,-3.9479067983503677,5.049103024921896,-3.9439966249416774,4.978588166355102,-4.028323167238848,5.044485478562713
201,206,-4.0345748625869655,5.050680118739819,-4.055785309534324,4.984001024779695,-4.0098246769694175,4.992110004876201,-3.962404813962112,4.9605066171259065,-4.052962641093576,5.027917050903375
202,207,-3.918333632154344,5.050680118739819,-3.9986612696186414,5.035643789417434,-3.873605344007507,5.091064918801694,-3.980813002982547,5.0343088588777265,-3.915508469337954,4.969927554095693
203,208,-4.001882016527791,5.050680118739819,-3.96956034362386,5.05285804429668,-3.9602903740741775,5.056618588004845,-4.039719207847938,5.071209979753637,-3.97460492105834,5.027917050903375
204,209,-3.889273324546189,5.050680118739819,-3.9932722092492376,5.028758087465735,-4.027712064126033,4.992736301799781,-4.047082483456112,5.0343088588777265,-3.9979955573555035,5.077622333881388
205,210,-4.030942324135946,4.955358363493011,-3.953393162515648,5.014986683562338,-4.016704441260424,4.952966447152509,-3.999221192002982,4.997407738001817,-3.936547280161747,4.974069661010527
206,211,-3.998249478076771,5.050680118739819,-3.973871591919383,4.990886726731393,-3.97542585551439,5.038455977221052,-4.021311018827503,5.0343088588777265,-3.990566341228384,5.003064409414368
207,212,-3.990984401174732,4.955358363493011,-3.954470974589529,5.028758087465735,-3.9878094312382,4.9861601841022,-3.973449727374373,4.9605066171259065,-3.9538669251206757,5.0362012647330445
208,213,-3.9691891704686157,4.955358363493011,-3.9598600349589326,5.0769580011276245,-3.9823056198053957,5.037829680297473,-4.028674294435677,5.0343088588777265,-4.001495948757729,5.119043403029734
209,214,-3.961924093566577,5.050680118739819,-4.018061886948495,5.066629448200077,-4.0511032627154515,4.983341847946094,-4.0765355858888075,5.0343088588777265,-4.011896851335696,4.986495981755031
210,215,-3.990984401174732,4.955358363493011,-3.985727524732072,5.014986683562338,-3.9451548926339655,5.0472241341511594,-3.9292700737253297,4.9605066171259065,-4.033245592648228,4.940932805691852
211,216,-3.907436016801286,4.955358363493011,-3.963093471180575,5.021872385514037,-4.02496015840963,4.983341847946094,-3.999221192002982,4.9605066171259065,-4.022516528376302,4.9782117679253615
212,217,-3.9328637859584217,4.955358363493011,-3.99650564547088,5.035643789417434,-3.95065870406677,5.031253562599893,-3.9292700737253297,4.9605066171259065,-4.000611735304562,5.019632837073706
213,218,-3.998249478076771,4.955358363493011,-4.070874678568655,4.977115322827997,-4.0015689598202115,4.998999271035571,-3.973449727374373,4.9605066171259065,-4.022516528376302,5.0072065163292026
214,219,-3.9691891704686157,4.955358363493011,-4.033151255982827,4.977115322827997,-4.0469754041408486,4.91883326481745,-3.896135333488547,4.923605496249997,-4.039808826527401,4.945074912606686
215,220,-3.972821708919635,5.050680118739819,-3.905969431264893,5.097615106982721,-4.034591828417038,4.9679975733184065,-4.043400845652025,4.997407738001817,-3.9633562674376464,5.10661708228523
216,221,-3.987351862723713,5.050680118739819,-3.964171283254456,5.049415193320831,-3.9465308454921666,5.074154901865059,-4.069172310280633,5.145012221505457,-3.954395630072053,5.048627585477547
217,222,-3.925598709056383,4.955358363493011,-3.968482531549979,5.101057957958569,-3.9534106097831723,5.0368902349121045,-3.9844946407866337,4.997407738001817,-3.966346185093714,5.044485478562713
218,223,-4.041839939489004,4.955358363493011,-4.065485618199251,4.95990106794875,-4.0056968183948145,5.014343545663258,-4.043400845652025,5.0343088588777265,-3.992972860317414,4.986495981755031
219,224,-4.089062939352257,4.955358363493011,-4.0417737525738735,4.980558173803845,-4.0662387441556636,4.925722530976819,-3.9918579163948076,4.9605066171259065,-3.99885242400084,4.969927554095693
220,225,-3.9764542473706546,5.050680118739819,-4.0396181284261115,4.9943295777072425,-4.048351356999049,4.966744979471248,-3.988176278590721,4.9605066171259065,-4.101639959030775,4.932648591862183
221,226,-4.045472477940024,4.955358363493011,-4.038540316352231,4.973672471852147,-4.015328488402222,5.000878161806308,-4.032355932239764,4.997407738001817,-3.99885242400084,4.961643340266024
222,227,-4.023677247233907,5.050680118739819,-4.025606571465661,5.042529491369132,-4.053855168431854,4.95234015022893,-4.021311018827503,4.9605066171259065,-3.99885242400084,5.019632837073706
223,228,-4.099960554705315,4.955358363493011,-4.0234509473179,4.935801111117805,-4.057983027006458,4.939814211757349,-3.988176278590721,4.9605066171259065,-4.018113692315691,4.94921701952152
224,229,-4.027309785684927,4.955358363493011,-4.066563430273132,4.887601197455916,-4.049727309857251,4.958603119464721,-3.999221192002982,4.9605066171259065,-4.035816192584237,4.990638088669865
225,230,-3.9691891704686157,5.050680118739819,-3.9674047194760984,5.049415193320831,-4.040095639849842,4.956411080232194,-4.069172310280633,5.0343088588777265,-3.936984829087025,5.003064409414368
226,231,-4.103593093156334,5.050680118739819,-4.046085000869397,4.973672471852147,-4.02496015840963,4.9751999879395665,-3.969768089570286,4.9605066171259065,-4.039808826527401,4.945074912606686
227,232,-3.9328637859584217,5.050680118739819,-4.0299178197611845,5.0574370360945595,-4.00019300696201,4.984281293331462,-3.925588435921243,4.949436280863134,-4.0384597173411265,5.0072065163292026
228,233,-4.0527375548420626,4.955358363493011,-4.012672826579092,4.939243962093655,-4.00019300696201,5.008080576427467,-3.988176278590721,4.997407738001817,-4.0271290232969434,4.94921701952152
229,234,-4.027309785684927,5.050680118739819,-4.015906262800734,4.970229620876298,-3.996065148387407,4.99931241949736,-3.9587231761580255,4.9605066171259065,-4.023646863099938,5.011348623244038
230,235,-4.038207401037985,5.050680118739819,-3.9286034848163895,4.942686813069503,-3.8460862868434846,5.1558866503921275,-3.999221192002982,5.071948002171155,-3.9497193259331427,5.06933812005172
231,236,-3.990984401174732,4.955358363493011,-4.030995631835065,5.021872385514037,-3.9919372898128036,5.008706873351047,-3.9955395541988947,4.997407738001817,-3.990566341228384,5.011348623244038
232,237,-3.987351862723713,5.050680118739819,-3.9997390816925225,4.988580016577575,-3.9602903740741775,5.057244884928425,-4.039719207847938,5.056080520194514,-3.9759449146420045,5.0320591578182094
233,238,-3.9328637859584217,4.955358363493011,-3.963093471180575,4.949572515021202,-4.023584205551429,4.96549238562409,-3.951359900549851,4.9605066171259065,-4.025953110560258,4.961643340266024
234,239,-3.954659016664538,4.955358363493011,-3.9609378470328136,5.045972342344982,-3.9933132426710047,4.975826284863145,-3.9918579163948076,4.987444435365321,-3.9356721823111904,5.056911799307216
235,240,-3.9328637859584217,5.050680118739819,-4.014828450726854,5.0586076054263485,-4.059358979864658,4.96549238562409,-4.06180903467246,5.0129062087696985,-4.005142189801714,5.048627585477547
236,241,-3.972821708919635,4.955358363493011,-3.9932722092492376,5.035643789417434,-3.920387741186345,5.0707102687853745,-3.9844946407866337,5.0343088588777265,-3.959327171084043,5.011348623244038
237,242,-3.94376140131148,4.955358363493011,-4.068719054420893,4.9312221193199255,-4.00019300696201,4.998999271035571,-3.9550415383539383,4.962351673169702,-4.048359261775546,4.998922302499534
238,243,-3.9655566320175963,5.050680118739819,-4.009439390357449,5.059743746248379,-4.0359677812752395,4.992423153337991,-4.0765355858888075,5.071209979753637,-3.9889893419768607,4.9782117679253615
239,244,-3.9764542473706546,4.955358363493011,-3.980338464362668,4.987443875755544,-3.9162598826117416,5.038769125682841,-3.9366333493335035,4.997407738001817,-3.9339493334179076,5.048627585477547
240,245,-3.9510264782135187,5.050680118739819,-3.9253700485947474,5.066629448200077,-4.0098246769694175,4.997746677188412,-4.043400845652025,5.0343088588777265,-3.966346185093714,5.019632837073706
241,246,-3.9691891704686157,5.050680118739819,-4.008361578283568,5.00465813063479,-3.985057525521798,5.027495781058418,-3.9918579163948076,4.991872569870431,-4.029526426783363,5.056911799307216
242,247,-4.103593093156334,5.050680118739819,-4.0234509473179,4.977115322827997,-4.086878037028681,4.9322986486744,-4.017629381023417,4.9605066171259065,-4.078139935502293,4.9285064849473486
243,248,-3.983719324272694,5.050680118739819,-4.046085000869397,5.011543832586489,-4.033215875558837,4.9839681448696735,-4.010266105415242,4.997407738001817,-4.043983772522764,4.95750123335119
244,249,-4.060002631744101,5.050680118739819,-3.9458484779984824,4.980558173803845,-4.049727309857251,4.951087556381772,-3.97713136517846,4.9605066171259065,-4.043983772522764,4.9947801955847
245,250,-4.027309785684927,4.955358363493011,-4.035306880130588,4.970229620876298,-4.056607074148256,4.941379954066297,-3.969768089570286,4.9605066171259065,-4.049872451808799,4.8705169881396655
246,251,-3.9582915551155575,4.955358363493011,-4.0320734439089465,4.9381078212716245,-3.920387741186345,5.050981915692634,-3.9439966249416774,4.990027513826635,-3.9549334506260414,4.940932805691852
247,252,-4.081797862450218,4.955358363493011,-4.081652799307463,4.95990106794875,-3.9974411012456077,4.981462957175357,-3.9292700737253297,4.9605066171259065,-4.01090325065121,4.907795950373176
248,253,-4.041839939489004,4.955358363493011,-3.952315350441767,5.059743746248379,-3.8722293911493058,5.128016437292859,-4.02499265663159,5.1081111006295465,-3.936109731236469,5.040343371647879
249,254,-4.012779631880849,4.955358363493011,-3.9393816055551976,5.05285804429668,-3.9520346569249707,5.029374671829156,-4.017629381023417,5.0343088588777265,-3.929792618627765,5.0072065163292026
250,255,-3.9328637859584217,4.955358363493011,-3.9436928538507208,5.073515150151776,-4.013952535544021,4.960795158697247,-4.032355932239764,4.997407738001817,-3.924259447843518,5.0362012647330445
251,256,-4.0527375548420626,5.050680118739819,-3.9016581829693697,5.087286554055172,-3.939651081201161,5.0487898764601065,-4.058127396868373,5.1081111006295465,-3.915508469337954,5.040343371647879
252,257,-3.9946169396257516,4.955358363493011,-3.9404594176290786,4.943822953891534,-3.97542585551439,5.052860806463371,-4.043400845652025,5.050914363271886,-4.004221513938107,4.969927554095693
253,258,-3.918333632154344,4.955358363493011,-3.9663269074022174,5.00810098161064,-3.9479067983503677,5.056618588004845,-4.017629381023417,5.0343088588777265,-3.965133809946589,5.06933812005172
254,259,-3.9691891704686157,5.050680118739819,-3.9436928538507208,5.0769580011276245,-3.95065870406677,4.987725926411148,-4.036037570043851,5.071209979753637,-3.8799485035564905,5.090048654625892
255,260,-3.998249478076771,4.955358363493011,-4.065485618199251,4.9943295777072425,-4.007072771253016,4.980523511789988,-3.9587231761580255,4.9605066171259065,-4.003300838074502,5.0072065163292026
256,261,-4.049105016391043,4.955358363493011,-3.8391450826842832,4.953015365997052,-4.029088016984233,4.980210363328199,-4.047082483456112,5.0343088588777265,-3.9719796275066708,5.011348623244038
257,262,-4.027309785684927,5.050680118739819,-4.055785309534324,5.025315236489886,-4.007072771253016,4.976452581786725,-3.9476782627457645,4.9605066171259065,-4.005142189801714,4.94921701952152
258,263,-3.9219661706053635,5.050680118739819,-4.024528759391781,4.957594357794931,-3.9933132426710047,5.052860806463371,-4.069172310280633,5.080804271181373,-4.037128839360072,5.056911799307216
259,264,-3.987351862723713,4.955358363493011,-4.03638469220447,5.042529491369132,-4.013952535544021,5.012934377585205,-4.026833475533634,5.005156973385758,-4.043983772522764,5.0072065163292026
260,265,-3.9582915551155575,4.955358363493011,-4.008361578283568,4.942686813069503,-3.9919372898128036,4.968623870241986,-3.848274042035417,4.923605496249997,-4.080236524102584,4.9823538748401965
261,266,-3.9510264782135187,4.955358363493011,-4.0417737525738735,5.104500808934419,-3.964418232648781,4.974260542554197,-3.8225025774068087,4.923605496249997,-4.012908683225402,5.015490730158872
262,267,-4.0164121703318685,5.050680118739819,-3.872557256974588,5.097615106982721,-3.983681572663597,5.017475030281154,-4.021311018827503,5.0343088588777265,-3.965133809946589,5.003064409414368
263,268,-4.074532785548179,5.050680118739819,-4.07734155101194,4.953015365997052,-4.0469754041408486,4.967371276394828,-3.9955395541988947,4.9605066171259065,-4.072132753382327,4.9823538748401965
264,269,-3.9655566320175963,5.050680118739819,-3.9717159677716216,4.966786769900448,-4.045599451282647,4.990231114105464,-4.050764121260198,4.997407738001817,-4.05947118135709,4.9782117679253615
265,270,-4.0345748625869655,5.050680118739819,-4.025606571465661,4.982864883957665,-3.9988170541038093,4.997120380264834,-3.9918579163948076,4.984492345695248,-3.9851790200858965,5.040343371647879
266,271,-4.0527375548420626,5.050680118739819,-4.062252181977609,5.011543832586489,-4.008448724111217,4.963300346391564,-3.8777271444681127,4.923605496249997,-4.086827104789586,5.003064409414368
267,272,-3.9401288628604605,4.955358363493011,-4.000816893766403,4.91514400526271,-3.9245155997609484,5.0794784257154815,-3.9955395541988947,5.0343088588777265,-3.9766285848377514,5.027917050903375
268,273,-3.936496324409441,5.050680118739819,-3.9113584916342967,5.070072299175926,-3.9795537140889934,5.037516531835683,-4.050764121260198,5.071209979753637,-3.970703443141276,5.073480226966554
269,274,-3.990984401174732,4.955358363493011,-4.0320734439089465,4.973672471852147,-3.9575384683577752,4.989604817181885,-3.840910766427243,4.923605496249997,-4.011896851335696,4.961643340266024
270,275,-3.9946169396257516,5.050680118739819,-3.96956034362386,5.0838437030793235,-4.03734373413344,4.95265329869072,-3.9844946407866337,4.9605066171259065,-3.991359398655451,5.015490730158872
271,276,-3.961924093566577,5.050680118739819,-3.991116585101476,5.042529491369132,-4.042847545566245,4.978957769481041,-4.039719207847938,4.997407738001817,-4.018113692315691,5.0072065163292026
272,277,-3.987351862723713,4.955358363493011,-3.9932722092492376,4.943822953891534,-4.075870414163072,4.933551242521558,-4.021311018827503,4.962351673169702,-4.018113692315691,4.907795950373176
273,278,-3.925598709056383,5.050680118739819,-4.0202175110962575,5.045972342344982,-3.9258915526191496,5.03281930490884,-4.036037570043851,5.071209979753637,-3.8936492542792642,5.0362012647330445
274,279,-3.983719324272694,4.955358363493011,-4.024528759391781,5.035643789417434,-4.007072771253016,4.996807231803044,-4.01394774321933,4.997407738001817,-3.9844315406718795,5.015490730158872
275,280,-4.00551455497881,5.050680118739819,-4.011595014505211,5.011543832586489,-4.022208252693228,4.984594441793252,-4.021311018827503,4.997407738001817,-3.9889893419768607,5.06933812005172
276,281,-3.987351862723713,4.955358363493011,-3.973871591919383,5.063186597224227,-3.874981296865708,5.091691215725273,-3.9366333493335035,4.997407738001817,-3.9424268438451726,4.9782117679253615
277,282,-4.0345748625869655,4.955358363493011,-4.059018745755966,5.0012152796589415,-4.053855168431854,4.921964749435345,-3.932951711529417,4.923605496249997,-4.0213953092552766,5.015490730158872
278,283,-3.9328637859584217,5.050680118739819,-4.03638469220447,4.91514400526271,-4.007072771253016,5.01966706951368,-4.0544457590642855,5.0343088588777265,-3.99885242400084,5.0320591578182094
279,284,-3.961924093566577,5.050680118739819,-4.024528759391781,5.00465813063479,-4.026336111267831,4.973634245630619,-3.9844946407866337,4.9605066171259065,-4.015998872510179,4.974069661010527
280,285,-3.990984401174732,5.050680118739819,-3.9814162764365486,5.039086640393283,-3.9823056198053957,5.0105857641217835,-3.980813002982547,4.997407738001817,-3.9836931768604726,4.9823538748401965
281,286,-4.092695477803276,5.050680118739819,-4.090275295898509,4.942686813069503,-4.02496015840963,4.969563315627354,-4.006584467611155,4.997407738001817,-3.9759449146420045,5.003064409414368
282,287,-3.9292312475074023,4.955358363493011,-4.005128142061927,4.9943295777072425,-3.9121320240371382,5.1029645603496965,-3.988176278590721,5.0343088588777265,-4.008943396090068,5.027917050903375
283,288,-4.0164121703318685,4.955358363493011,-4.052551873312681,4.966786769900448,-4.044223498424446,4.9636134948533535,-3.980813002982547,4.9605066171259065,-4.068331547093973,4.969927554095693
284,289,-3.9582915551155575,5.050680118739819,-4.022373135244019,5.028758087465735,-4.0662387441556636,4.954845337923246,-4.06180903467246,4.997407738001817,-3.997138690710167,4.945074912606686
285,290,-3.987351862723713,4.955358363493011,-4.0202175110962575,4.984001024779695,-3.9878094312382,5.021232811822627,-4.0765355858888075,5.1081111006295465,-3.9401205963848525,4.9782117679253615
286,291,-4.038207401037985,4.955358363493011,-4.054707497460443,4.922029707214408,-4.033215875558837,4.913509740967028,-3.859318955447678,4.923605496249997,-4.019198449026276,4.9947801955847
287,292,-3.954659016664538,4.955358363493011,-4.006205954135807,4.984001024779695,-3.874981296865708,5.125198101136753,-3.980813002982547,5.0343088588777265,-3.967567675843449,4.9947801955847
288,293,-3.9292312475074023,5.050680118739819,-4.016984074874615,5.021872385514037,-3.956162515499574,5.056305439543055,-3.962404813962112,4.997407738001817,-4.070209361231625,4.9823538748401965
289,294,-4.074532785548179,5.050680118739819,-3.944770665924602,4.95990106794875,-3.9465308454921666,5.05317395492516,-4.043400845652025,5.071209979753637,-3.938762371595968,4.965785447180858
290,295,-3.9401288628604605,5.050680118739819,-3.9232144244469858,5.025315236489886,-3.9988170541038093,5.016848733357574,-4.0544457590642855,5.0343088588777265,-3.9700653509585786,5.044485478562713
291,296,-3.925598709056383,4.955358363493011,-3.9814162764365486,5.063186597224227,-3.93827512834296,5.0428400556861055,-3.9918579163948076,4.997407738001817,-3.941961948112065,4.940932805691852
292,297,-3.990984401174732,4.955358363493011,-4.022373135244019,4.9679229107224785,-4.049727309857251,4.931359203289031,-3.921906798117156,4.929140664381383,-4.062916879143655,4.961643340266024
293,298,-4.07090024709716,4.955358363493011,-3.9070472433387735,5.0126799734085195,-3.9795537140889934,5.042526907224316,-3.999221192002982,5.00035982767189,-4.0545396403451,4.998922302499534
294,299,-3.9764542473706546,5.050680118739819,-4.030995631835065,4.9943295777072425,-4.016704441260424,5.017788178742943,-4.032355932239764,4.997407738001817,-4.074092607943469,4.965785447180858
295,300,-4.0527375548420626,5.050680118739819,-3.9609378470328136,4.95990106794875,-4.0056968183948145,4.9870996294875685,-3.988176278590721,4.9605066171259065,-3.9836931768604726,5.003064409414368
296,301,-3.9328637859584217,4.955358363493011,-4.0611743699037275,4.95990106794875,-4.026336111267831,4.975513136401355,-3.9660864517661993,4.9605066171259065,-4.056153102007063,4.940932805691852
297,302,-3.998249478076771,4.955358363493011,-4.008361578283568,4.935801111117805,-4.038719686991642,4.975513136401355,-3.9955395541988947,4.9605066171259065,-4.064685306049988,4.945074912606686
298,303,-3.9764542473706546,5.050680118739819,-4.03746250427835,4.953015365997052,-4.091005895603284,4.924469937129661,-4.032355932239764,4.9605066171259065,-4.030747917533098,4.986495981755031
299,304,-3.961924093566577,5.050680118739819,-4.013750638652972,4.984001024779695,-4.0359677812752395,4.978018324095672,-4.01394774321933,4.997407738001817,-4.025953110560258,4.998922302499534
300,305,-3.983719324272694,4.955358363493011,-3.926447860668628,4.95876492712672,-4.004320865536614,4.98647333256399,-4.01394774321933,4.998883782836853,-3.957102964047212,5.044485478562713
301,306,-4.001882016527791,5.050680118739819,-4.024528759391781,5.05285804429668,-3.9726739497979877,5.030000968752734,-3.969768089570286,4.997407738001817,-4.0213953092552766,5.0362012647330445
302,307,-3.987351862723713,4.955358363493011,-3.9663269074022174,5.033337079263615,-3.9699220440815854,5.027182632596629,-4.002902829807068,5.008847085473349,-3.968807397798404,5.027917050903375
303,308,-3.925598709056383,4.955358363493011,-3.965249095328337,5.094172256006871,-3.942402986917563,5.020293366437259,-3.97713136517846,4.997407738001817,-3.9262010711994395,4.9782117679253615
304,309,-3.9582915551155575,5.050680118739819,-4.038540316352231,5.05285804429668,-3.9231396469027473,5.116429944206646,-4.039719207847938,5.071209979753637,-4.022516528376302,4.986495981755031
305,310,-4.00914709342983,5.050680118739819,-4.0396181284261115,4.95990106794875,-4.008448724111217,5.016222436433996,-4.065490672476546,5.071209979753637,-3.9822346804428785,4.932648591862183
306,311,-3.990984401174732,5.050680118739819,-4.001894705840284,5.021872385514037,-4.038719686991642,4.9751999879395665,-4.006584467611155,4.9605066171259065,-4.039808826527401,4.986495981755031
307,312,-3.9328637859584217,5.050680118739819,-4.030995631835065,5.00465813063479,-3.97542585551439,5.035637641064946,-4.028674294435677,5.0343088588777265,-3.9766285848377514,5.081764440796223
308,313,-3.998249478076771,4.955358363493011,-4.046085000869397,4.966786769900448,-4.07311850844667,4.91852011635566,-3.9550415383539383,4.9306167092164195,-4.061175799045152,4.920222271117679
309,314,-4.00914709342983,5.050680118739819,-3.9986612696186414,4.997772428683092,-3.920387741186345,5.070083971861795,-3.9660864517661993,4.997407738001817,-3.9732831586798953,5.081764440796223
310,315,-4.00551455497881,4.955358363493011,-3.9350703572596744,5.035643789417434,-4.0015689598202115,5.014969842586837,-4.01394774321933,5.000728838880649,-4.018113692315691,5.0320591578182094
311,316,-3.9038034783502664,4.955358363493011,-3.9598600349589326,4.942686813069503,-3.9547865626413734,5.060689518008109,-4.021311018827503,5.036153914921522,-3.987448805135777,5.023774943988541
312,317,-4.074532785548179,4.955358363493011,-4.0234509473179,4.9943295777072425,-4.0208322998350265,4.98584703564041,-3.9844946407866337,4.9605066171259065,-4.0384597173411265,4.969927554095693
313,318,-3.9401288628604605,5.050680118739819,-3.9469262900723634,5.05285804429668,-3.967170138365183,5.01966706951368,-4.010266105415242,5.0343088588777265,-3.944796900523763,4.998922302499534
314,319,-4.023677247233907,4.955358363493011,-3.9598600349589326,4.987443875755544,-4.0098246769694175,4.998999271035571,-4.002902829807068,4.997407738001817,-4.011896851335696,4.961643340266024
315,320,-3.990984401174732,4.955358363493011,-4.0202175110962575,4.946129664045353,-3.9685460912233843,5.020606514899049,-3.9439966249416774,4.9605066171259065,-4.01090325065121,4.998922302499534
316,321,-3.983719324272694,5.050680118739819,-3.985727524732072,5.0012152796589415,-3.9988170541038093,4.978644621019251,-4.032355932239764,5.0343088588777265,-3.9250342740653643,5.040343371647879
317,322,-3.980086785821674,4.955358363493011,-4.034229068056708,5.055164754450499,-3.9327713169101552,5.074154901865059,-4.006584467611155,5.03283281404269,-3.9752703600488672,5.06933812005172
318,323,-3.9110685552523052,4.955358363493011,-3.9932722092492376,5.025315236489886,-3.9699220440815854,5.008706873351047,-3.9366333493335035,4.9605066171259065,-3.990566341228384,5.0320591578182094
319,324,-3.980086785821674,4.955358363493011,-3.9954278333969993,5.045972342344982,-4.018080394118624,4.945450884069561,-3.9366333493335035,4.9605066171259065,-3.9713415353239734,5.0610539062220505
320,325,-4.023677247233907,4.955358363493011,-3.96956034362386,4.9943295777072425,-3.9176358354699428,5.092004364187063,-4.017629381023417,5.071209979753637,-3.9669569304685814,5.003064409414368
321,326,-3.9038034783502664,4.955358363493011,-3.948004102146244,5.079264711281444,-3.9451548926339655,5.036577086450315,-4.0765355858888075,5.141322109417866,-3.901351938484682,5.0610539062220505
322,327,-3.9764542473706546,5.050680118739819,-3.938303793481317,5.062050456402197,-3.97542585551439,4.963926643315143,-4.091262137105155,5.155344535350712,-3.8666032613355057,5.081764440796223
323,328,-3.9292312475074023,5.050680118739819,-4.007283766209688,5.049415193320831,-3.939651081201161,4.995554637955886,-4.0544457590642855,5.1081111006295465,-3.8709787505882876,5.056911799307216
324,329,-3.9691891704686157,4.955358363493011,-3.9943500213231182,5.011543832586489,-3.921763694044546,5.077912683406534,-4.043400845652025,5.1081111006295465,-3.9339493334179076,5.019632837073706
325,330,-4.001882016527791,4.955358363493011,-3.9458484779984824,4.933494400963986,-3.9272675054773507,5.056618588004845,-4.043400845652025,5.084863394477724,-3.915508469337954,5.048627585477547
326,331,-3.954659016664538,5.050680118739819,-4.008361578283568,4.966786769900448,-4.007072771253016,5.001191310268098,-4.039719207847938,5.0343088588777265,-3.9700653509585786,5.027917050903375
327,332,-3.925598709056383,4.955358363493011,-3.8854910018611575,5.028758087465735,-3.97542585551439,5.024990593364103,-3.980813002982547,4.997407738001817,-4.000611735304562,4.9947801955847
328,333,-4.038207401037985,4.955358363493011,-3.9329147331119128,4.939243962093655,-4.029088016984233,4.9767657302485135,-4.010266105415242,4.997407738001817,-4.001495948757729,5.019632837073706
329,334,-4.012779631880849,5.050680118739819,-4.055785309534324,4.997772428683092,-4.027712064126033,4.970815909474513,-3.980813002982547,4.9605066171259065,-4.017056282412935,5.044485478562713
330,335,-3.990984401174732,5.050680118739819,-3.96956034362386,5.042529491369132,-4.002944912678412,5.0368902349121045,-4.065490672476546,5.071209979753637,-4.023646863099938,5.015490730158872
331,336,-3.918333632154344,5.050680118739819,-4.025606571465661,4.9633439189246,-4.070366602730267,4.953592744076088,-4.039719207847938,4.997407738001817,-4.041176166918895,4.9947801955847
332,337,-3.9691891704686157,4.955358363493011,-3.895191310526085,5.0769580011276245,-4.011200629827619,4.988665371796516,-4.058127396868373,5.0343088588777265,-3.9428917395782808,5.0362012647330445
333,338,-3.972821708919635,5.050680118739819,-4.006205954135807,5.028758087465735,-4.016704441260424,4.998372974111992,-4.058127396868373,5.0343088588777265,-3.970703443141276,5.0320591578182094
334,339,-4.060002631744101,5.050680118739819,-4.047162812943277,4.977115322827997,-4.071742555588468,4.942319399451665,-4.006584467611155,4.9605066171259065,-4.062916879143655,4.945074912606686
335,340,-3.9946169396257516,4.955358363493011,-4.048240625017158,4.987443875755544,-3.9988170541038093,4.993362598723359,-3.9366333493335035,4.9605066171259065,-4.051403873047273,4.940932805691852
336,341,-4.020044708782888,4.955358363493011,-3.9145919278559393,4.9633439189246,-3.9080041654625353,5.089499176492747,-4.06180903467246,5.145012221505457,-3.9190544387532293,5.052769692392382
337,342,-3.980086785821674,5.050680118739819,-4.012672826579092,5.070072299175926,-4.011200629827619,5.007141131042099,-4.039719207847938,5.0343088588777265,-3.9946136687872076,5.003064409414368
338,343,-4.063635170195121,4.955358363493011,-4.033151255982827,4.966786769900448,-3.9988170541038093,5.024051147978733,-4.02499265663159,4.997407738001817,-4.022516528376302,4.940932805691852
339,344,-3.972821708919635,4.955358363493011,-4.007283766209688,4.949572515021202,-3.9245155997609484,5.056618588004845,-3.9660864517661993,4.997407738001817,-3.9565560278906142,5.015490730158872
340,345,-4.0164121703318685,4.955358363493011,-4.013750638652972,5.132043616741213,-4.0098246769694175,4.996180934879465,-3.980813002982547,4.9605066171259065,-4.035816192584237,4.969927554095693
341,346,-3.9691891704686157,5.050680118739819,-3.9404594176290786,5.056300895272529,-4.022208252693228,5.001191310268098,-4.032355932239764,4.997407738001817,-4.024795429028793,4.9823538748401965
342,347,-3.94376140131148,5.050680118739819,-3.9781828402149064,5.056300895272529,-4.007072771253016,5.018101327204732,-4.032355932239764,4.997407738001817,-4.023646863099938,5.023774943988541
343,348,-4.020044708782888,4.955358363493011,-3.9814162764365486,5.090729405031022,-3.996065148387407,5.008706873351047,-3.962404813962112,4.9605066171259065,-4.057803026079466,5.0072065163292026
344,349,-4.107225631607354,4.955358363493011,-4.011595014505211,4.95990106794875,-3.95065870406677,5.064447299549584,-4.01394774321933,5.0343088588777265,-3.992972860317414,4.969927554095693
345,350,-3.918333632154344,5.050680118739819,-4.002972517914165,4.966786769900448,-3.9575384683577752,5.057871181852003,-4.010266105415242,5.0343088588777265,-4.000611735304562,4.998922302499534
346,351,-3.9946169396257516,5.050680118739819,-3.9824940885104296,5.0322009384415844,-3.8722293911493058,5.12739014036928,-4.021311018827503,5.071209979753637,-3.9374223780123034,5.015490730158872
347,352,-3.961924093566577,5.050680118739819,-4.0299178197611845,4.925472558190258,-4.012576582685821,4.987412777949358,-3.9955395541988947,4.997407738001817,-3.9962909396674404,4.969927554095693
348,353,-3.9691891704686157,4.955358363493011,-4.0202175110962575,4.9943295777072425,-4.004320865536614,4.970502761012723,-3.921906798117156,4.9605066171259065,-4.01090325065121,4.998922302499534
349,354,-3.998249478076771,5.050680118739819,-4.057940933682086,4.956458216972901,-4.0965097070360885,4.952966447152509,-4.098625412713329,5.0343088588777265,-4.061175799045152,4.9285064849473486
350,355,-4.027309785684927,5.050680118739819,-3.9393816055551976,5.107943659910268,-3.9878094312382,4.982402402560726,-4.002902829807068,4.997407738001817,-3.929792618627765,5.135611830689071
351,356,-4.085430400901237,5.050680118739819,-4.040695940499993,4.966786769900448,-4.0813742255958765,4.930419757903663,-4.006584467611155,4.9605066171259065,-4.057803026079466,4.95750123335119
352,357,-3.987351862723713,5.050680118739819,-4.071952490642536,4.953015365997052,-4.0511032627154515,4.902862693266184,-3.8814087822721994,4.923605496249997,-4.020292321339471,4.961643340266024
353,358,-4.0527375548420626,4.955358363493011,-4.055785309534324,4.9633439189246,-3.910756071178937,4.996807231803044,-3.9918579163948076,5.0343088588777265,-3.8676242088278214,5.003064409414368
354,359,-4.023677247233907,5.050680118739819,-3.954470974589529,5.021872385514037,-3.8901167783059205,5.088872879569167,-3.999221192002982,5.0343088588777265,-3.9258091002872115,5.0610539062220505
355,360,-4.074532785548179,5.050680118739819,-4.009439390357449,5.014986683562338,-4.03734373413344,4.9783314725574614,-4.01394774321933,4.997407738001817,-4.033245592648228,5.011348623244038
356,361,-4.00551455497881,5.050680118739819,-4.033151255982827,4.984001024779695,-3.9919372898128036,5.016222436433996,-3.9844946407866337,4.997407738001817,-4.028323167238848,4.9243643780325135
357,362,-4.060002631744101,5.050680118739819,-3.9501597262940056,5.018429534538187,-4.016704441260424,4.969876464089144,-4.017629381023417,4.997407738001817,-3.9502297996793003,4.940932805691852
358,363,-4.020044708782888,4.955358363493011,-4.084886235529106,4.973672471852147,-4.0359677812752395,4.96580553408588,-3.9587231761580255,4.948329247236856,-4.082378690715925,4.9533591264363555
359,364,-3.961924093566577,5.050680118739819,-3.9943500213231182,5.0322009384415844,-3.9933132426710047,5.017475030281154,-4.02499265663159,5.0343088588777265,-3.9851790200858965,5.0610539062220505
360,365,-3.983719324272694,4.955358363493011,-3.979260652288787,5.021872385514037,-4.013952535544021,4.986786481025779,-4.006584467611155,4.997407738001817,-3.98668309451654,5.040343371647879
361,366,-3.9582915551155575,4.955358363493011,-4.007283766209688,5.028758087465735,-4.042847545566245,4.9517138533053515,-3.9476782627457645,4.923605496249997,-4.072132753382327,5.023774943988541
362,367,-3.980086785821674,5.050680118739819,-3.895191310526085,5.070072299175926,-4.0359677812752395,4.973321097168829,-4.02499265663159,4.997407738001817,-3.9962909396674404,5.040343371647879
363,368,-4.049105016391043,5.050680118739819,-4.024528759391781,5.000079138836911,-4.0469754041408486,4.971755354859881,-4.065490672476546,5.028404679537581,-3.9808035308331142,5.011348623244038
364,369,-3.998249478076771,5.050680118739819,-4.006205954135807,4.980558173803845,-4.0098246769694175,5.004949091809572,-4.039719207847938,5.0343088588777265,-3.9851790200858965,5.098332868455561
365,370,-3.9655566320175963,4.955358363493011,-4.038540316352231,4.987443875755544,-3.9905613369546025,5.005262240271361,-4.006584467611155,4.997407738001817,-3.968807397798404,5.098332868455561
366,371,-4.045472477940024,5.050680118739819,-3.862856948309661,4.984001024779695,-3.958914421215977,5.031879859523472,-4.043400845652025,5.071209979753637,-3.9289813299954783,5.048627585477547
367,372,-4.00914709342983,5.050680118739819,-3.829444774019356,5.014986683562338,-3.9699220440815854,5.033758750294209,-4.021311018827503,5.0343088588777265,-3.966346185093714,5.0320591578182094
368,373,-4.0164121703318685,5.050680118739819,-3.997583457544761,5.014986683562338,-3.9781777612307923,4.9899179656436745,-4.02499265663159,5.0343088588777265,-3.9144692906404184,5.081764440796223
369,374,-4.00914709342983,4.955358363493011,-3.9620156591066946,4.95990106794875,-4.02496015840963,4.996180934879465,-4.043400845652025,5.015858298439771,-4.005142189801714,5.027917050903375
370,375,-3.980086785821674,4.955358363493011,-4.057940933682086,4.942686813069503,-4.0015689598202115,4.987412777949358,-3.925588435921243,4.9605066171259065,-4.061175799045152,4.9243643780325135
371,376,-3.9473939397624993,5.050680118739819,-4.009439390357449,5.049415193320831,-3.949282751208569,4.980836660251778,-4.01394774321933,5.0343088588777265,-3.8806595205600676,4.9823538748401965
372,377,-4.027309785684927,5.050680118739819,-4.0234509473179,4.984001024779695,-3.986433478379999,5.01277780335431,-3.973449727374373,4.997407738001817,-4.01090325065121,4.9782117679253615
373,378,-4.074532785548179,4.955358363493011,-4.0105172024313305,4.9943295777072425,-4.0662387441556636,4.9429456963752445,-4.002902829807068,4.9605066171259065,-4.042570854118219,4.998922302499534
374,379,-4.107225631607354,4.955358363493011,-4.034229068056708,4.932358260141956,-4.063486838439261,4.929480312518294,-3.9918579163948076,4.9605066171259065,-4.000611735304562,4.920222271117679
375,380,-3.954659016664538,5.050680118739819,-4.002972517914165,5.107943659910268,-3.964418232648781,5.022485405669786,-3.973449727374373,4.997407738001817,-3.9719796275066708,5.019632837073706
376,381,-4.001882016527791,4.955358363493011,-3.9318369210380317,4.9943295777072425,-3.8804851082985126,5.130208476525386,-4.02499265663159,5.0867084505215185,-3.9538669251206757,4.998922302499534
377,382,-3.980086785821674,5.050680118739819,-3.990038773027595,5.018429534538187,-3.985057525521798,5.044718946456843,-4.06180903467246,5.071209979753637,-3.990566341228384,4.936790698777017
378,383,-3.983719324272694,5.050680118739819,-3.997583457544761,4.9943295777072425,-4.0056968183948145,5.010898912583573,-4.050764121260198,5.0343088588777265,-3.9773122550334987,4.961643340266024
379,384,-4.001882016527791,4.955358363493011,-4.038540316352231,5.021872385514037,-4.108893282759898,4.884386934020601,-3.97713136517846,4.923605496249997,-4.046882534152732,5.023774943988541
380,385,-3.983719324272694,4.955358363493011,-3.973871591919383,5.0586076054263485,-4.060734932722859,4.955784783308615,-4.01394774321933,4.966041785257294,-4.051403873047273,4.974069661010527
381,386,-4.07090024709716,5.050680118739819,-4.089197483824629,4.925472558190258,-4.042847545566245,4.974260542554197,-4.032355932239764,4.997407738001817,-4.012908683225402,4.945074912606686
382,387,-3.9510264782135187,4.955358363493011,-3.9393816055551976,4.977115322827997,-4.023584205551429,4.927288273285767,-4.043400845652025,4.997407738001817,-3.895864345713485,5.0362012647330445
383,388,-3.9946169396257516,5.050680118739819,-4.028840007687304,4.990886726731393,-4.031839922700636,4.971129057936302,-3.9918579163948076,4.9605066171259065,-4.018113692315691,5.0072065163292026
384,389,-3.9655566320175963,5.050680118739819,-4.0299178197611845,5.00465813063479,-3.9066282126043337,5.08699398879843,-3.9660864517661993,4.997407738001817,-3.9759449146420045,4.961643340266024
385,390,-3.9764542473706546,5.050680118739819,-4.019139699022377,5.049415193320831,-4.063486838439261,4.93887476637198,-3.9955395541988947,4.9605066171259065,-4.025953110560258,4.986495981755031
386,391,-3.980086785821674,4.955358363493011,-4.040695940499993,4.984001024779695,-4.008448724111217,4.982402402560726,-3.9476782627457645,4.9605066171259065,-4.030747917533098,5.003064409414368
387,392,-4.045472477940024,4.955358363493011,-3.9846497126581912,4.925472558190258,-4.049727309857251,4.982715551022515,-4.028674294435677,4.997407738001817,-4.104365524211154,4.9243643780325135
388,393,-3.9473939397624993,5.050680118739819,-4.024528759391781,5.056300895272529,-4.007072771253016,4.994928341032307,-4.021311018827503,4.997407738001817,-3.9732831586798953,4.961643340266024
389,394,-4.00551455497881,5.050680118739819,-3.9986612696186414,4.91514400526271,-4.011200629827619,4.983341847946094,-3.951359900549851,4.9605066171259065,-4.041176166918895,4.911938057288011
390,395,-3.990984401174732,5.050680118739819,-3.930759108964151,5.059743746248379,-3.9823056198053957,4.9767657302485135,-4.047082483456112,5.0343088588777265,-3.8967029811536014,5.073480226966554
391,396,-4.023677247233907,4.955358363493011,-4.069796866494774,4.935801111117805,-4.059358979864658,4.949521814072824,-3.980813002982547,4.9605066171259065,-4.089133352249907,4.94921701952152
392,397,-4.041839939489004,5.050680118739819,-4.0299178197611845,4.997772428683092,-3.9781777612307923,5.036577086450315,-3.988176278590721,4.997407738001817,-4.041176166918895,5.065196013136886
393,398,-4.074532785548179,4.955358363493011,-4.046085000869397,4.956458216972901,-4.029088016984233,4.9767657302485135,-3.9844946407866337,4.9605066171259065,-4.039808826527401,4.9782117679253615
394,399,-3.9655566320175963,4.955358363493011,-3.9814162764365486,5.056300895272529,-3.9878094312382,4.945450884069561,-4.069172310280633,5.071209979753637,-3.869921340685532,5.0072065163292026
395,400,-4.060002631744101,4.955358363493011,-3.9986612696186414,4.970229620876298,-4.007072771253016,4.9783314725574614,-3.988176278590721,4.997407738001817,-3.9681875368209263,4.945074912606686
396,401,-4.085430400901237,5.050680118739819,-4.030995631835065,4.977115322827997,-4.063486838439261,4.94576403253135,-3.980813002982547,4.9605066171259065,-4.0964349499404875,4.965785447180858
397,402,-3.9473939397624993,4.955358363493011,-4.004050329988045,4.969093480054267,-4.0469754041408486,4.941693102528086,-4.01394774321933,4.974160031849993,-3.963939666004684,5.023774943988541
398,403,-3.987351862723713,4.955358363493011,-3.9846497126581912,4.966786769900448,-3.958914421215977,5.032193007985262,-4.002902829807068,4.997407738001817,-3.9549334506260414,4.932648591862183
399,404,-3.9401288628604605,5.050680118739819,-3.9771050281410254,5.049415193320831,-3.983681572663597,5.011838357968942,-4.01394774321933,4.997407738001817,-3.9604575058076783,5.019632837073706
400,405,-4.023677247233907,4.955358363493011,-3.954470974589529,5.090729405031022,-4.018080394118624,4.964552940238722,-3.9292700737253297,4.9605066171259065,-4.034521777013623,4.990638088669865
401,406,-3.983719324272694,4.955358363493011,-4.045007188795516,4.942686813069503,-4.034591828417038,4.946077180993139,-3.925588435921243,4.923605496249997,-4.042570854118219,5.040343371647879
402,407,-3.889273324546189,5.050680118739819,-4.033151255982827,4.977115322827997,-4.004320865536614,5.020293366437259,-4.06180903467246,5.071209979753637,-3.9844315406718795,5.044485478562713
403,408,-4.020044708782888,4.955358363493011,-3.9027359950432503,4.9943295777072425,-4.0056968183948145,4.976139433324935,-4.021311018827503,4.997407738001817,-3.93831570706808,5.040343371647879
404,409,-4.0164121703318685,4.955358363493011,-3.9458484779984824,5.070072299175926,-4.033215875558837,4.972068503321671,-3.9918579163948076,4.9605066171259065,-4.0271290232969434,4.990638088669865
405,410,-3.9510264782135187,5.050680118739819,-3.876868505270111,5.0838437030793235,-4.104765424185295,4.899104911724709,-4.069172310280633,4.997407738001817,-3.9633562674376464,4.969927554095693
406,411,-4.056370093293082,4.955358363493011,-4.080574987233582,4.91514400526271,-4.03734373413344,4.962987197929774,-3.9660864517661993,4.9605066171259065,-4.056153102007063,4.862232774309997
407,412,-3.972821708919635,4.955358363493011,-3.9070472433387735,4.947265804867383,-3.9919372898128036,5.039708571068211,-4.028674294435677,5.021024455362399,-4.048359261775546,5.019632837073706
408,413,-3.936496324409441,4.955358363493011,-4.05039624916492,5.107943659910268,-3.9685460912233843,5.0193539210518905,-4.017629381023417,5.0236075338237125,-3.941961948112065,5.040343371647879
409,414,-4.0527375548420626,5.050680118739819,-4.011595014505211,5.056300895272529,-3.9437789397757643,5.072902308017901,-4.039719207847938,5.071209979753637,-3.9694363743784913,4.9947801955847
410,415,-4.00914709342983,5.050680118739819,-4.027762195613423,5.00810098161064,-3.9520346569249707,5.037203383373894,-4.028674294435677,5.0343088588777265,-3.9339493334179076,4.95750123335119
411,416,-3.9946169396257516,4.955358363493011,-3.941537229702959,4.956458216972901,-4.07311850844667,4.927601421747557,-3.980813002982547,4.923605496249997,-4.051403873047273,4.974069661010527
412,417,-3.925598709056383,4.955358363493011,-3.9145919278559393,5.063186597224227,-3.985057525521798,5.0130909518161,-3.9844946407866337,4.997407738001817,-3.993793264552311,5.085906547711057
413,418,-4.0527375548420626,4.955358363493011,-4.000816893766403,4.973672471852147,-3.9891853840964013,5.007141131042099,-3.951359900549851,4.9605066171259065,-4.035816192584237,5.019632837073706
414,419,-3.918333632154344,5.050680118739819,-3.9932722092492376,4.995465718529273,-3.8901167783059205,5.117056241130226,-4.032355932239764,5.091874607444146,-3.945280027462091,5.0072065163292026
415,420,-4.00551455497881,4.955358363493011,-3.991116585101476,4.949572515021202,-3.974049902656189,5.0472241341511594,-4.043400845652025,5.071209979753637,-3.9851790200858965,5.003064409414368
416,421,-4.027309785684927,4.955358363493011,-3.919980988225343,5.098751247804751,-4.002944912678412,5.018101327204732,-4.017629381023417,5.0033119173419625,-4.029526426783363,5.0362012647330445
417,422,-4.0527375548420626,4.955358363493011,-3.9286034848163895,4.925472558190258,-4.015328488402222,4.9986861225737815,-3.9955395541988947,4.978588166355102,-4.046882534152732,5.003064409414368
418,423,-3.990984401174732,4.955358363493011,-4.024528759391781,4.973672471852147,-3.9011244011715296,5.0941964034195895,-3.9292700737253297,4.997407738001817,-4.0213953092552766,5.0072065163292026
419,424,-4.020044708782888,4.955358363493011,-4.054707497460443,4.946129664045353,-4.0662387441556636,4.942632547913455,-3.988176278590721,4.9605066171259065,-4.074092607943469,4.9947801955847
420,425,-3.9764542473706546,4.955358363493011,-4.03638469220447,5.000079138836911,-3.9988170541038093,5.034698195679578,-4.043400845652025,5.0343088588777265,-4.033245592648228,5.0610539062220505
421,426,-3.961924093566577,5.050680118739819,-3.98357190058431,5.021872385514037,-3.9602903740741775,5.045032094918632,-4.043400845652025,5.071209979753637,-3.9502297996793003,5.015490730158872
422,427,-4.078165323999198,5.050680118739819,-3.9221366123731047,5.05285804429668,-3.921763694044546,5.064447299549584,-3.973449727374373,4.997407738001817,-3.959327171084043,4.990638088669865
423,428,-3.990984401174732,5.050680118739819,-4.0396181284261115,5.028758087465735,-3.9616663269323786,5.0735286049414805,-4.07285394808472,5.1081111006295465,-3.9844315406718795,4.9533591264363555
424,429,-3.998249478076771,5.050680118739819,-3.9889609609537144,4.980558173803845,-4.016704441260424,4.996180934879465,-4.047082483456112,5.0343088588777265,-3.9759449146420045,5.023774943988541
425,430,-4.078165323999198,4.955358363493011,-4.040695940499993,4.918586856238559,-4.1006375656106915,4.887205270176707,-3.97713136517846,4.923605496249997,-4.020292321339471,4.94921701952152
426,431,-3.9691891704686157,5.050680118739819,-4.034229068056708,5.043665632191162,-3.942402986917563,5.068831378014637,-4.032355932239764,5.05755656502955,-3.9645412957769417,5.085906547711057
427,432,-4.0345748625869655,5.050680118739819,-3.9943500213231182,4.9943295777072425,-4.07311850844667,4.937309024063032,-4.006584467611155,4.9605066171259065,-4.045424037735137,5.0320591578182094
428,433,-3.9510264782135187,5.050680118739819,-3.9113584916342967,5.087286554055172,-3.964418232648781,5.021545960284417,-4.02499265663159,5.0343088588777265,-3.9339493334179076,5.131469723774236
429,434,-4.041839939489004,4.955358363493011,-4.033151255982827,4.977115322827997,-3.9534106097831723,5.041587461838947,-3.9439966249416774,4.975267065476271,-4.025953110560258,4.961643340266024
430,435,-4.00914709342983,4.955358363493011,-4.056863121608204,4.949572515021202,-3.9781777612307923,5.045345243380422,-4.028674294435677,5.0343088588777265,-4.009918765569334,4.9823538748401965
431,436,-3.9292312475074023,5.050680118739819,-4.030995631835065,5.021872385514037,-4.03734373413344,4.952966447152509,-3.9660864517661993,4.9605066171259065,-4.014959693812643,4.998922302499534
432,437,-3.990984401174732,4.955358363493011,-3.944770665924602,4.9943295777072425,-3.942402986917563,5.044718946456843,-4.002902829807068,5.023238522614954,-3.944313773585435,5.10661708228523
433,438,-4.027309785684927,4.955358363493011,-4.060096557829847,4.970229620876298,-3.9534106097831723,5.01998021797547,-3.8777271444681127,4.9605066171259065,-4.051403873047273,4.990638088669865
434,439,-3.983719324272694,4.955358363493011,-3.9986612696186414,5.00810098161064,-3.994689195529206,5.010898912583573,-3.969768089570286,4.9605066171259065,-4.045424037735137,5.0320591578182094
435,440,-4.012779631880849,4.955358363493011,-4.0234509473179,4.95990106794875,-4.016704441260424,5.0046359433477825,-4.017629381023417,4.997407738001817,-4.0384597173411265,4.961643340266024
436,441,-4.056370093293082,4.955358363493011,-4.074108114790297,4.949572515021202,-4.02496015840963,4.952966447152509,-3.907180246900808,4.923605496249997,-4.061175799045152,4.9533591264363555
437,442,-3.9582915551155575,5.050680118739819,-3.980338464362668,5.059743746248379,-4.0056968183948145,4.997433528726623,-4.028674294435677,4.997407738001817,-3.968807397798404,5.0072065163292026
438,443,-4.00551455497881,5.050680118739819,-4.015906262800734,4.932358260141956,-3.95065870406677,5.079165277253692,-4.028674294435677,5.0343088588777265,-4.018113692315691,5.044485478562713
439,444,-3.9582915551155575,5.050680118739819,-4.015906262800734,5.017293393716157,-4.03734373413344,4.9861601841022,-4.02499265663159,4.988920480200358,-4.046882534152732,5.015490730158872
440,445,-4.045472477940024,4.955358363493011,-3.9609378470328136,5.0012152796589415,-3.983681572663597,5.015282991048626,-4.028674294435677,5.026559623493785,-3.955471271180029,4.974069661010527
441,446,-4.045472477940024,4.955358363493011,-4.0730303027164165,4.918586856238559,-3.9162598826117416,5.027808929520208,-3.8261842152108954,4.9605066171259065,-4.004221513938107,5.003064409414368
